"","id","prob_subscribed"
"1",40939,0.665138376503695
"2",40952,0.65511855809872
"3",41077,0.654329119045695
"4",40946,0.65161525693053
"5",40953,0.650914354678429
"6",40940,0.647391602476441
"7",41088,0.639108182682704
"8",40987,0.633445823761518
"9",41167,0.631490225458446
"10",41169,0.63026719337066
"11",40854,0.623128654102611
"12",41087,0.619056550213503
"13",41144,0.617629018436855
"14",41158,0.617256618637282
"15",40945,0.617066223862926
"16",41138,0.616034702461409
"17",41175,0.613434871529626
"18",40891,0.613251186819944
"19",41022,0.608087242510312
"20",41009,0.608017124271912
"21",40881,0.607963081401231
"22",41073,0.605956248547328
"23",41083,0.603938305506307
"24",41030,0.603070799795692
"25",40920,0.601737610200759
"26",40978,0.601406530099859
"27",41143,0.60056315233828
"28",40965,0.599904700997403
"29",41050,0.599079243811512
"30",41128,0.598569587613301
"31",41007,0.597193281692164
"32",41108,0.59517522727409
"33",40938,0.59297190951674
"34",41069,0.588815679649044
"35",40887,0.587712398694921
"36",41024,0.586935384044946
"37",41017,0.586543900175751
"38",41078,0.585892425943599
"39",41065,0.584190622381424
"40",41074,0.583654331473448
"41",40985,0.582859292882444
"42",40790,0.582736014591554
"43",40934,0.582275715111381
"44",41093,0.578174614908599
"45",41045,0.57697991536441
"46",41090,0.576366890040697
"47",41155,0.573669231059874
"48",41044,0.572957499587405
"49",40930,0.571243788742205
"50",41033,0.569901269622145
"51",41148,0.56949420852656
"52",41000,0.569382951792573
"53",41161,0.567786815898973
"54",40799,0.564493988193927
"55",41126,0.563316758006629
"56",41053,0.562659955600291
"57",41186,0.562600282940232
"58",41124,0.561035204793365
"59",40955,0.557549004322246
"60",41100,0.557443829309596
"61",40996,0.556050967393922
"62",40843,0.555816755072323
"63",40994,0.554831157586877
"64",40889,0.554724775685358
"65",40850,0.551669902599121
"66",41187,0.549646687931059
"67",40847,0.549125636777735
"68",41112,0.548221514366605
"69",41171,0.546713854424032
"70",41015,0.546586215490859
"71",41014,0.546059674891369
"72",40998,0.544800709699897
"73",40835,0.544191198479249
"74",41146,0.542289414439715
"75",41106,0.540793534655487
"76",41123,0.538838641195069
"77",40769,0.535111784369524
"78",41166,0.531566849820529
"79",41049,0.530887488808
"80",40864,0.529309382361051
"81",41006,0.528739874916971
"82",40805,0.528469165265644
"83",40970,0.527184357703177
"84",40825,0.526575851386785
"85",40812,0.523539962387017
"86",40823,0.521779858647557
"87",40997,0.52058304924983
"88",41011,0.520380367413142
"89",41149,0.51724548740057
"90",41082,0.517174435856308
"91",41163,0.517132177263181
"92",41172,0.515538535958941
"93",41020,0.513378523798361
"94",40927,0.511369347785808
"95",40765,0.509849840153839
"96",40614,0.509610693751749
"97",40988,0.508600611105568
"98",40836,0.507488536142795
"99",40806,0.507355513469208
"100",40721,0.507245451026682
"101",40937,0.505491392082609
"102",40758,0.505293060613888
"103",40925,0.504316551515287
"104",40797,0.500088957358408
"105",40734,0.498433829394517
"106",40682,0.49758450533284
"107",40715,0.497201014722145
"108",40807,0.496862900587149
"109",40701,0.493761072563866
"110",40678,0.493670632053456
"111",40609,0.492908415627452
"112",40602,0.492739893270899
"113",40785,0.489505175442357
"114",40871,0.487473169343445
"115",40991,0.487331895708761
"116",40773,0.486935437842762
"117",40720,0.486407929482653
"118",40932,0.485875298269398
"119",40718,0.485065622074412
"120",40629,0.483680095909319
"121",40883,0.479675813389792
"122",40731,0.474270356207715
"123",40962,0.470021518464542
"124",40933,0.469228921698427
"125",40922,0.468511195232874
"126",40868,0.468141275700297
"127",40634,0.467496416385331
"128",40789,0.466470123115258
"129",40710,0.463593962450094
"130",41156,0.462906486968724
"131",40714,0.46058558597072
"132",40817,0.460392846069794
"133",40756,0.458144140795411
"134",39875,0.452328322850772
"135",39717,0.445471287874074
"136",41178,0.444317888303448
"137",41115,0.44014451278329
"138",40964,0.438981591876148
"139",40729,0.438578387356676
"140",40956,0.437268576660786
"141",40972,0.435931373408938
"142",40752,0.434656771729398
"143",41159,0.430524764056167
"144",40916,0.429611217357852
"145",40954,0.42842393820686
"146",39866,0.423240960840709
"147",41181,0.420142870063191
"148",40676,0.420060249604297
"149",40931,0.417778236002671
"150",40549,0.415736514731331
"151",39535,0.414871608614426
"152",40936,0.414015715734127
"153",40935,0.410989538769778
"154",40595,0.409627121159024
"155",41012,0.407929747876895
"156",40963,0.407654473910905
"157",40552,0.4069499469077
"158",40746,0.404724199040289
"159",40942,0.403942653147255
"160",41086,0.403386844603531
"161",41182,0.403350335106737
"162",40947,0.40217279300751
"163",40949,0.401466627604522
"164",41164,0.400371344842721
"165",41041,0.400081268265104
"166",41001,0.399623817474758
"167",41023,0.398742959112084
"168",39542,0.394107935777177
"169",41036,0.393933558198679
"170",41118,0.393714965788919
"171",40966,0.391887522771716
"172",40907,0.387673998776456
"173",40944,0.385387701999939
"174",41043,0.384826213395598
"175",39586,0.383466779173836
"176",41162,0.383348538516589
"177",39880,0.38328815272085
"178",40990,0.380827304437022
"179",40894,0.379075386305013
"180",40943,0.379052053071071
"181",41059,0.379028627411084
"182",39531,0.378813522381441
"183",41119,0.376061249428692
"184",41057,0.375539358046287
"185",40959,0.375504557930797
"186",41047,0.375490270901646
"187",40708,0.375438345979092
"188",39534,0.374416282642331
"189",40892,0.373709103970539
"190",39885,0.372856870393657
"191",40588,0.372839319280499
"192",40941,0.370513375558024
"193",40749,0.370464461050665
"194",40969,0.369831014337924
"195",39538,0.369773673919665
"196",40919,0.368991229913928
"197",40745,0.368485997600074
"198",40576,0.367529104364899
"199",41075,0.366306575700879
"200",40904,0.366076324496747
"201",41141,0.365343366094218
"202",40928,0.365161351833295
"203",41027,0.364426436609834
"204",41066,0.364338165224172
"205",41107,0.364333716964493
"206",39532,0.36427644612926
"207",40878,0.362861408865227
"208",40801,0.362439634476154
"209",41068,0.362277627978196
"210",40961,0.361762891162725
"211",41070,0.361286334401467
"212",41005,0.360384250548672
"213",40957,0.360286223422515
"214",40798,0.360209081963218
"215",39533,0.359359560831851
"216",40861,0.359028827190678
"217",40917,0.357834872204053
"218",40865,0.356280659492696
"219",40821,0.35584289293146
"220",41060,0.35473948918037
"221",40921,0.354203994704647
"222",40979,0.354011887640869
"223",40377,0.353749482934478
"224",41142,0.353576222541176
"225",41076,0.352691429248889
"226",39627,0.352025457126659
"227",39724,0.351931246108624
"228",40958,0.350665516588445
"229",40292,0.350507096862962
"230",40599,0.350322610765819
"231",40838,0.34719740606976
"232",41013,0.346897630679042
"233",40656,0.34668221568673
"234",40948,0.34575485556418
"235",40976,0.344826908171669
"236",40857,0.343814881124733
"237",41102,0.343207854487544
"238",39232,0.342701640295594
"239",40893,0.342362790610585
"240",41140,0.342273720987928
"241",41051,0.34106941357703
"242",40803,0.340924302679007
"243",41042,0.340084088896434
"244",40832,0.339716472828329
"245",41133,0.33962143765297
"246",40848,0.339335261124659
"247",40914,0.339033507306324
"248",40567,0.338790138020225
"249",39530,0.338702131033686
"250",41084,0.338234011004895
"251",40982,0.337578040333642
"252",41029,0.336152662879354
"253",39543,0.335217404132418
"254",40929,0.334817101291799
"255",40950,0.334351552742559
"256",40834,0.333820539965546
"257",40975,0.333524325345649
"258",41160,0.333381698825966
"259",39529,0.332004672670588
"260",40903,0.33189434826245
"261",40791,0.331631463320497
"262",39898,0.331454719606492
"263",40837,0.331064405013222
"264",39528,0.330949962694432
"265",40989,0.330585692186846
"266",41174,0.330488663747116
"267",39540,0.330448633284798
"268",41080,0.330371937524571
"269",40951,0.330343209335452
"270",40849,0.330294548798346
"271",40995,0.330241289785634
"272",40456,0.330165999592016
"273",41038,0.328870116818099
"274",39536,0.328567917772643
"275",40733,0.328186607612375
"276",40480,0.327950324979729
"277",41180,0.327605548865041
"278",40786,0.327277285853459
"279",41079,0.326611738545652
"280",41131,0.326490110424278
"281",41003,0.326486454876293
"282",41104,0.326372547771817
"283",41067,0.325576668856699
"284",40967,0.324919008913954
"285",41188,0.324541760807805
"286",40913,0.324201304761498
"287",41132,0.323954730417536
"288",40974,0.323508271244763
"289",40512,0.323429601902859
"290",40524,0.323356895368618
"291",40788,0.323276458554733
"292",39541,0.323095231159831
"293",39547,0.322980154756049
"294",41136,0.322692897569736
"295",40870,0.322669842415394
"296",41019,0.322595797308783
"297",41091,0.322460495716214
"298",40898,0.322454513773858
"299",40831,0.321881805858908
"300",41173,0.321371266419676
"301",41063,0.320704347676258
"302",39595,0.319708625033036
"303",41170,0.319692046358542
"304",41046,0.319594583156803
"305",40802,0.318772941208437
"306",40635,0.318681642159558
"307",40879,0.318654629583585
"308",41052,0.31811655254395
"309",40824,0.317848864119761
"310",40829,0.317473496294271
"311",41058,0.317186398205155
"312",40911,0.317168647313426
"313",39825,0.316913675260234
"314",40855,0.316357351085259
"315",40728,0.316108099802054
"316",41120,0.315937931164514
"317",40726,0.315759926813055
"318",41010,0.315035975800798
"319",41061,0.31498554758098
"320",41125,0.314976512482974
"321",40852,0.314636921174132
"322",41165,0.31388755228909
"323",41026,0.31385698657262
"324",40973,0.313854408560105
"325",41116,0.313723442598637
"326",39546,0.313396793161022
"327",41085,0.313365877735661
"328",39548,0.313278858847992
"329",40784,0.313200366524149
"330",41185,0.313141852337197
"331",40833,0.312256451635187
"332",40971,0.312136291676693
"333",41135,0.311925090702545
"334",40252,0.311673517316585
"335",41168,0.310808411894779
"336",40858,0.310183349547756
"337",40960,0.310072700174473
"338",41071,0.309560990045804
"339",40895,0.309356336549609
"340",41037,0.308904752083123
"341",39545,0.308741852786367
"342",41105,0.308526884995906
"343",40980,0.308280210096609
"344",41048,0.307744713023811
"345",40408,0.30742161687417
"346",40766,0.307327383642599
"347",40730,0.306862652792209
"348",40984,0.306851610278042
"349",41072,0.306648157156379
"350",40918,0.306529169595457
"351",40860,0.306526196483525
"352",40840,0.305973985731049
"353",40875,0.305926222520926
"354",41145,0.305503205422114
"355",40859,0.30508731696797
"356",41025,0.304828598470203
"357",40968,0.304404572077131
"358",41157,0.304046010106608
"359",40811,0.303311239978687
"360",40712,0.303177888566009
"361",40873,0.302559359810897
"362",41111,0.302482365078056
"363",40816,0.302279514407181
"364",40393,0.30208983510845
"365",40867,0.301922120746505
"366",41018,0.301672024329332
"367",40814,0.301614313815707
"368",39900,0.301044384331155
"369",40839,0.300782963666862
"370",39872,0.300308418485667
"371",41055,0.300147104906598
"372",40775,0.299990023741835
"373",39494,0.299534404027379
"374",40910,0.299488611782989
"375",39544,0.299471552710703
"376",39103,0.299319715339717
"377",40702,0.299103196003601
"378",40874,0.298992865312524
"379",40886,0.298361787546815
"380",40794,0.29831080752262
"381",41081,0.297619444123475
"382",41064,0.297435158234955
"383",40744,0.297019321869872
"384",40738,0.295788114699744
"385",41183,0.295395202803969
"386",41153,0.295309303767124
"387",39869,0.29500845900105
"388",40926,0.294492253091667
"389",41089,0.293724280079186
"390",40694,0.293534737625205
"391",40696,0.293375762129475
"392",40675,0.292693491953793
"393",40747,0.292671976651154
"394",41150,0.292460860409953
"395",39839,0.291255857030286
"396",40896,0.290865930375715
"397",41134,0.290490963136751
"398",40882,0.290458504833027
"399",39774,0.290386897899809
"400",39539,0.290224850102817
"401",40888,0.289841146456375
"402",40905,0.28975423548402
"403",40866,0.289677940401214
"404",40759,0.289137520423861
"405",40683,0.288839007575113
"406",40908,0.288089281324419
"407",41139,0.287956008289906
"408",40845,0.287882895733322
"409",40780,0.28737621476073
"410",40680,0.286688101372132
"411",39879,0.286602951678864
"412",40901,0.286538854949702
"413",40981,0.28630893703545
"414",40795,0.286271685355568
"415",41154,0.28604608139477
"416",39600,0.285771891843012
"417",41110,0.285551403621024
"418",40763,0.285115948436478
"419",41054,0.285060691005642
"420",40915,0.284926290595444
"421",41176,0.284738974247374
"422",40999,0.283899098373291
"423",40977,0.283430389670984
"424",40880,0.283164719229858
"425",40762,0.282780303939336
"426",40884,0.282698951723756
"427",40700,0.282115526429302
"428",40742,0.281878553496057
"429",40897,0.281878544173323
"430",41035,0.280945592475344
"431",40750,0.280513431086484
"432",41032,0.279852133183356
"433",40983,0.279742893570249
"434",41184,0.279704119342484
"435",40800,0.278925886793587
"436",39526,0.27823447878067
"437",41062,0.278173593863502
"438",41130,0.278030920239789
"439",39213,0.277904171291782
"440",41008,0.277209279368451
"441",41113,0.276617201343964
"442",40899,0.275403739647003
"443",40900,0.275403739647003
"444",40869,0.275364422169132
"445",41040,0.275065191448709
"446",40699,0.274428060332651
"447",40610,0.274378270964855
"448",40736,0.273786780382386
"449",40923,0.273388741461148
"450",39525,0.273129023896868
"451",40695,0.272883895477162
"452",40830,0.272717779615551
"453",40808,0.272558260486891
"454",40796,0.27229056059634
"455",39625,0.27227545153496
"456",40792,0.271945850006323
"457",40787,0.271874942143545
"458",40876,0.271549706455121
"459",39599,0.271468515614694
"460",40425,0.270280870687762
"461",40751,0.2702589417832
"462",39289,0.269940126636258
"463",40844,0.26985259647903
"464",40856,0.269092882679073
"465",40774,0.268583196238633
"466",40631,0.268108435055493
"467",40906,0.267357394385568
"468",40872,0.266394881437265
"469",40862,0.266380754849816
"470",40810,0.266164756101556
"471",41101,0.26553553558755
"472",39882,0.265065615660762
"473",41152,0.264651923464232
"474",40804,0.264549929697207
"475",41016,0.264109635727812
"476",40663,0.263338218159171
"477",40809,0.263188792670258
"478",40625,0.262330658417966
"479",40753,0.262123539142224
"480",39388,0.261944456740786
"481",40711,0.261441951582887
"482",41021,0.260395676452711
"483",40924,0.260368324787832
"484",40782,0.260333380770811
"485",41039,0.260310057345423
"486",40818,0.260176650316312
"487",40761,0.259930045946905
"488",40605,0.258540847317273
"489",40686,0.258514338409696
"490",40793,0.257907167716515
"491",40842,0.25778044546556
"492",40851,0.257698246357229
"493",39537,0.257458171072305
"494",41179,0.257453807378053
"495",40813,0.256901374247451
"496",40877,0.25677743427689
"497",40815,0.25659422289999
"498",40863,0.256252258668216
"499",40677,0.255467525032965
"500",41177,0.255097391967196
"501",39864,0.254345380455817
"502",40649,0.254268414846624
"503",40638,0.254214620050664
"504",39870,0.254034297480761
"505",40828,0.253218631203213
"506",41137,0.253069691290368
"507",40778,0.252589512065491
"508",40691,0.252556100834666
"509",40748,0.252059810215285
"510",40781,0.251480232620629
"511",41151,0.250244332918687
"512",40779,0.250242829870511
"513",40783,0.24965233395807
"514",40208,0.249464522708288
"515",40659,0.248408705983972
"516",41004,0.248010147785065
"517",40820,0.247936222490162
"518",39867,0.247897335862367
"519",39842,0.247404673543716
"520",40754,0.246775484623971
"521",40771,0.246602199240592
"522",39827,0.246580153383936
"523",39853,0.245805110391245
"524",40650,0.245419041369109
"525",40723,0.245183649497994
"526",40703,0.245077518225221
"527",40622,0.245070552920453
"528",41096,0.245009411231588
"529",40853,0.244581170486373
"530",39865,0.244061718568179
"531",40617,0.243687970428782
"532",40697,0.24363306859237
"533",40681,0.243332557934442
"534",40822,0.243314289306769
"535",40717,0.243270930823424
"536",40846,0.242873040720488
"537",40760,0.24285621139352
"538",40642,0.242692366165534
"539",40688,0.24224577262842
"540",39868,0.241944415905392
"541",39527,0.241794470100215
"542",40732,0.24159236381448
"543",41129,0.241258393261047
"544",40687,0.241190733738696
"545",40743,0.241112691106376
"546",41002,0.241007456980637
"547",39845,0.240973050014044
"548",40706,0.240830575142098
"549",40826,0.240758262079954
"550",40776,0.240365661549534
"551",39863,0.239290351487902
"552",39850,0.239217248185472
"553",39851,0.238641502752703
"554",40909,0.238381167004018
"555",40674,0.238279971913462
"556",40645,0.237746185108922
"557",40713,0.237658726488576
"558",39852,0.237656598000207
"559",40740,0.237524012687198
"560",40890,0.237061643864569
"561",40679,0.236852143605954
"562",40374,0.236843391367966
"563",40719,0.236175388282037
"564",40615,0.236118014420646
"565",40652,0.234719726452529
"566",40819,0.234567787900622
"567",40722,0.233992066079075
"568",40671,0.233808620578855
"569",41122,0.233649827025864
"570",40735,0.233601476720358
"571",41056,0.233293493987666
"572",39876,0.233166540124536
"573",39862,0.232802506493288
"574",40902,0.232458405216127
"575",40827,0.232402397041185
"576",40668,0.232021474239431
"577",39874,0.231172766878472
"578",40640,0.230952614923637
"579",40737,0.230936194766918
"580",40767,0.230377438824255
"581",39856,0.230314222439095
"582",40768,0.230075564764418
"583",40727,0.229982118072677
"584",40657,0.229827819067095
"585",40618,0.229357847847886
"586",40630,0.22930274816525
"587",40757,0.22813625270171
"588",40739,0.227667762783416
"589",40777,0.227510182453857
"590",40651,0.227488012970291
"591",40607,0.227394472243115
"592",41147,0.227251601047519
"593",40662,0.227077550947394
"594",39871,0.226691248677624
"595",40709,0.226568876993417
"596",40611,0.226204427224726
"597",40707,0.22617719251976
"598",40684,0.225824016027535
"599",40646,0.225407684215999
"600",39881,0.225366446891003
"601",39859,0.225126772607157
"602",40623,0.225054147062943
"603",40648,0.225041602141162
"604",40612,0.224567829648752
"605",40600,0.223736489730225
"606",40673,0.22367260751688
"607",40604,0.222943961496112
"608",39858,0.222599611959739
"609",40624,0.222547121109779
"610",40912,0.222497695142381
"611",40661,0.22244222369526
"612",39855,0.221780127887953
"613",40159,0.220887884633806
"614",39860,0.220723900409762
"615",40627,0.220684864432022
"616",40641,0.220541361782457
"617",40075,0.220470549214517
"618",40772,0.219766539234199
"619",40658,0.219353784617853
"620",41121,0.219293485658338
"621",40619,0.219280359153696
"622",40669,0.218520277816161
"623",40685,0.217864162454428
"624",40692,0.217794648536879
"625",40755,0.217658136155472
"626",40620,0.217588714781179
"627",40885,0.217536451571729
"628",40637,0.217167259958829
"629",41094,0.21665701570383
"630",39607,0.216646117455008
"631",41028,0.216529834638551
"632",40601,0.216476337044744
"633",41109,0.216455096259135
"634",40992,0.216385958520528
"635",39877,0.215671843207564
"636",40724,0.215284546392355
"637",40636,0.215275400351379
"638",39878,0.215268194525453
"639",39854,0.215070686728863
"640",40693,0.213830351266077
"641",40770,0.21350026221688
"642",40690,0.212171615194532
"643",41092,0.212062834820967
"644",41127,0.21140890010682
"645",39861,0.210684992748551
"646",40689,0.210144309972485
"647",40704,0.210027171559545
"648",40741,0.208413822362828
"649",41098,0.208134261062158
"650",40764,0.20799208575037
"651",40664,0.207734454718353
"652",40632,0.2072477887161
"653",40725,0.207115873304677
"654",40665,0.207067862441826
"655",40666,0.206456120358194
"656",40670,0.206329831049966
"657",40716,0.204729026899033
"658",40603,0.203710303275312
"659",41031,0.203582205629875
"660",40613,0.203553541497809
"661",39873,0.203031677544601
"662",40654,0.202651618429335
"663",40667,0.200790352315095
"664",40698,0.200702968980543
"665",40705,0.200461939795792
"666",41099,0.198848765945766
"667",40660,0.197575769959142
"668",39847,0.197460285994566
"669",39843,0.197253785889671
"670",39615,0.196590700097965
"671",40672,0.196506928998298
"672",39857,0.196484499813482
"673",40841,0.195592444884788
"674",41117,0.195238675218445
"675",40621,0.194587576656414
"676",41114,0.194454063196128
"677",40993,0.194425116776375
"678",40986,0.193237177760011
"679",41103,0.192749845210997
"680",40616,0.192166766085222
"681",39837,0.191708349884689
"682",39723,0.191555884199434
"683",41095,0.190983500853546
"684",40551,0.19090715980884
"685",40653,0.190555207805941
"686",39727,0.190308219132655
"687",39670,0.189030595371925
"688",39923,0.188605485077261
"689",40338,0.188024109579437
"690",40598,0.187835546361087
"691",40633,0.186980172640496
"692",39848,0.186134407055984
"693",40571,0.185951569866415
"694",39789,0.185480864825419
"695",41097,0.185410778671937
"696",39835,0.184112090444819
"697",40432,0.183103209756914
"698",39840,0.182905486285617
"699",40655,0.182386059706287
"700",40626,0.180829982140266
"701",39887,0.178467319218461
"702",39830,0.178423263551338
"703",40643,0.176070801755053
"704",40628,0.175445152899175
"705",39050,0.175329283488806
"706",40585,0.17440680663716
"707",39049,0.17121836120181
"708",40644,0.171142139792077
"709",39614,0.170373246419562
"710",40568,0.169849455111447
"711",39590,0.168668683280237
"712",40542,0.168153056154414
"713",39849,0.16774823458111
"714",40540,0.167556224149863
"715",40583,0.167286955850448
"716",41034,0.166546094847268
"717",39831,0.166242314916426
"718",39899,0.165433457989742
"719",40639,0.165266729037271
"720",40273,0.165164447957501
"721",40319,0.163381672834828
"722",39662,0.162126993938226
"723",39610,0.162062063533903
"724",39883,0.161708256628306
"725",39059,0.161489492033078
"726",39605,0.160919248375814
"727",39901,0.160314830224302
"728",39832,0.1595489066163
"729",40388,0.159463283296648
"730",39051,0.158883569677783
"731",39633,0.158392199877637
"732",39632,0.158170055162232
"733",39556,0.157980510790772
"734",39769,0.157976964830482
"735",39778,0.157710426752916
"736",39826,0.157700190417491
"737",40390,0.156772990363971
"738",39612,0.15596266703636
"739",39888,0.155959346681236
"740",39589,0.152621026841267
"741",40606,0.151601886247228
"742",39733,0.151454908019097
"743",40647,0.151297598505738
"744",40608,0.150952683307801
"745",39584,0.1505053014298
"746",39744,0.149703045337038
"747",39640,0.149258565087404
"748",39697,0.149242946780453
"749",39622,0.149145757321533
"750",39624,0.147598637580698
"751",39649,0.147483980257129
"752",40029,0.146457903171553
"753",39126,0.146207763914876
"754",39677,0.145959871713181
"755",40329,0.145748341255471
"756",39897,0.145688312527979
"757",39765,0.145484852462547
"758",40022,0.14513149033709
"759",39886,0.144857143066234
"760",40063,0.144697916401577
"761",39045,0.144199673994139
"762",39587,0.144161911266382
"763",39790,0.143588207436863
"764",39758,0.143000591715604
"765",39707,0.142177164273918
"766",40450,0.142051579954526
"767",39788,0.141950584558988
"768",39780,0.140657018364665
"769",39608,0.140417638769448
"770",39044,0.140369445783422
"771",39650,0.139802325060041
"772",39054,0.139743296418922
"773",40056,0.13964817577757
"774",39056,0.139308619343954
"775",39658,0.139170080256478
"776",39616,0.139136444263152
"777",39891,0.138831971790204
"778",39824,0.138658430139984
"779",39635,0.137951678964863
"780",39596,0.137564427287961
"781",40037,0.137454722720121
"782",39664,0.137188494524303
"783",39894,0.137068042774507
"784",39052,0.137066784982651
"785",40566,0.136974718341838
"786",39746,0.136713111282833
"787",39791,0.136706091934222
"788",39945,0.136599891470885
"789",39053,0.136458554126663
"790",40578,0.136361041584756
"791",40212,0.136091488004211
"792",40396,0.135198864732488
"793",39562,0.134954998888859
"794",39846,0.134735292788965
"795",39838,0.134432281257735
"796",40228,0.13430514962422
"797",40489,0.134269538090639
"798",39844,0.134109272349355
"799",39692,0.134063934746504
"800",40594,0.133900629128635
"801",40577,0.133894276388557
"802",39781,0.133801414144224
"803",39834,0.133509356042323
"804",40580,0.13337250687176
"805",40573,0.133346814724508
"806",39555,0.133269820893041
"807",39699,0.133185382650236
"808",40582,0.133069615555484
"809",40451,0.133049765260954
"810",40356,0.132971016045415
"811",40572,0.132831214216013
"812",39046,0.132602144092479
"813",40559,0.132417116557618
"814",37845,0.132359280772784
"815",40394,0.13221742697654
"816",39812,0.131978350264522
"817",39802,0.131954447665285
"818",39753,0.131599340243338
"819",39636,0.131524207433986
"820",39800,0.131276158439595
"821",39829,0.130974597183608
"822",40553,0.130737230765838
"823",39594,0.130712593077679
"824",39884,0.130709797661048
"825",36658,0.130534981690443
"826",40527,0.130495244584744
"827",40431,0.130488877246799
"828",39795,0.130391046076236
"829",40581,0.129989373829146
"830",39757,0.12962803908664
"831",39912,0.129556842221843
"832",39676,0.12948291359655
"833",40592,0.129361569159314
"834",39561,0.129338707435702
"835",39772,0.129300394144642
"836",40171,0.12911178935663
"837",39793,0.128969129160629
"838",40104,0.128711946552676
"839",40182,0.128635797640414
"840",39694,0.128456447362268
"841",40478,0.128398263672584
"842",39986,0.128268487825159
"843",39048,0.128138296298152
"844",40069,0.127774384630848
"845",39620,0.127719910298374
"846",39921,0.127697594468538
"847",40161,0.127239403489028
"848",40561,0.126972279105524
"849",40586,0.126928517314534
"850",40397,0.12691313760171
"851",40495,0.126725861584172
"852",39775,0.126602280157605
"853",39057,0.126567771175036
"854",39787,0.126513367047119
"855",39751,0.126486897081979
"856",40446,0.126459602628034
"857",39583,0.126001459718906
"858",40531,0.125924365863514
"859",40360,0.125786401205357
"860",40481,0.125532261798482
"861",39971,0.125363006607895
"862",40038,0.125177044336699
"863",39055,0.125012358863164
"864",40596,0.124841075674344
"865",40183,0.124836516946114
"866",40562,0.124695286078659
"867",39993,0.124642254845588
"868",39687,0.12460949923334
"869",40545,0.124535577870085
"870",40370,0.124483679421754
"871",40101,0.124224941200014
"872",40569,0.124208503090954
"873",40511,0.124146031354576
"874",39630,0.124088188311938
"875",39801,0.12395552352494
"876",39638,0.123946521504092
"877",40555,0.123894516938458
"878",39623,0.123872351528303
"879",40025,0.123687923179526
"880",39816,0.123534569045804
"881",39931,0.123159409680701
"882",40330,0.123101405740709
"883",39629,0.123080502472398
"884",40154,0.122981599001487
"885",40575,0.122871971281353
"886",40530,0.122840645733845
"887",40375,0.122833515856677
"888",40544,0.12280416701341
"889",40386,0.122739950436759
"890",40401,0.122604175010129
"891",39721,0.122598846519639
"892",40546,0.122520346432029
"893",39966,0.122424835979184
"894",40563,0.122328186514756
"895",40522,0.12225758547996
"896",40108,0.122231523902066
"897",39916,0.122165415934413
"898",39747,0.122140630040779
"899",40510,0.122044606466705
"900",39994,0.122017457654373
"901",40049,0.12167617125668
"902",40584,0.121414445513811
"903",39637,0.121412888103486
"904",40321,0.121308700097748
"905",39841,0.121281356978004
"906",40169,0.121205624663162
"907",40028,0.121184302499004
"908",39729,0.121121391775162
"909",40253,0.121110818841032
"910",39761,0.121069019181159
"911",40387,0.121021267276247
"912",39785,0.1209909805932
"913",39700,0.120843258627232
"914",39913,0.120772190195597
"915",39634,0.120691368985751
"916",40554,0.120655469923393
"917",39815,0.120524321856467
"918",40593,0.120423043944782
"919",40419,0.12022597434332
"920",39978,0.120036408954512
"921",39702,0.119949307294101
"922",39719,0.119949307294101
"923",39695,0.119909462448636
"924",38179,0.119845331707532
"925",40570,0.11970076561173
"926",40475,0.119671186971451
"927",40136,0.119618841761173
"928",39770,0.119607245784319
"929",40307,0.119546183728232
"930",39939,0.119459309424823
"931",39573,0.119435746174304
"932",39047,0.119345328441971
"933",40032,0.119339696500361
"934",40518,0.119219594790212
"935",40012,0.119148143013723
"936",40331,0.119099135358227
"937",39786,0.118979737411343
"938",40066,0.118918675119229
"939",40230,0.118904204280841
"940",40523,0.118795438876783
"941",40067,0.118724610223043
"942",40074,0.118510489491021
"943",40110,0.118505649509739
"944",40519,0.118482129592458
"945",40192,0.11830345068356
"946",40565,0.118224077504211
"947",40548,0.118053260438224
"948",39656,0.117917443536243
"949",39570,0.117854203072909
"950",40018,0.117746744708196
"951",39750,0.117628568156115
"952",40297,0.117517235455351
"953",40347,0.117443353579952
"954",39653,0.11739173333573
"955",39708,0.117386602039845
"956",40317,0.117330842247494
"957",40172,0.117292733135729
"958",40027,0.117211153862487
"959",39991,0.117134558871501
"960",37964,0.117050219397033
"961",40213,0.11699822175083
"962",40123,0.116983400823762
"963",39647,0.116913559568256
"964",40021,0.11682501309602
"965",39739,0.116807001359432
"966",40093,0.116798691052579
"967",40418,0.116687629825678
"968",39981,0.116639144688016
"969",40525,0.11661428423094
"970",40288,0.116609180196812
"971",39998,0.116570555928933
"972",40493,0.116559690414509
"973",39777,0.116506937003071
"974",40414,0.116339489361032
"975",40089,0.116292923982861
"976",39654,0.11628216418648
"977",39591,0.116100693259268
"978",40255,0.116033601568577
"979",40535,0.115943038955218
"980",39674,0.115932094800042
"981",40044,0.115726370987224
"982",40227,0.115671510933246
"983",40098,0.115645833515268
"984",40052,0.115645807886179
"985",39060,0.115527988753878
"986",40590,0.115482461531321
"987",39648,0.115463671011471
"988",39593,0.115362368701114
"989",40444,0.115203731248405
"990",39814,0.115080580712514
"991",40011,0.115032903463159
"992",38057,0.115013884166342
"993",40574,0.114870857778103
"994",40485,0.114838963216252
"995",39598,0.114774364508579
"996",40323,0.114611293793888
"997",40587,0.114559262544201
"998",39381,0.114514757597779
"999",39663,0.114459059968727
"1000",39748,0.114408401824125
